conv-26__q0	cat2-temporal
conv-26__q1	cat2-temporal
conv-26__q2	cat3-open-domain
conv-26__q3	cat1-multi-hop
conv-26__q4	cat1-multi-hop
conv-26__q5	cat2-temporal
conv-26__q6	cat2-temporal
conv-26__q7	cat1-multi-hop
conv-26__q8	cat2-temporal
conv-26__q9	cat2-temporal
conv-26__q10	cat2-temporal
conv-26__q11	cat1-multi-hop
conv-26__q12	cat2-temporal
conv-26__q13	cat1-multi-hop
conv-26__q14	cat3-open-domain
conv-26__q15	cat1-multi-hop
conv-26__q16	cat2-temporal
conv-26__q17	cat2-temporal
conv-26__q18	cat1-multi-hop
conv-26__q19	cat1-multi-hop
conv-26__q20	cat2-temporal
conv-26__q21	cat2-temporal
conv-26__q22	cat3-open-domain
conv-26__q23	cat1-multi-hop
conv-26__q24	cat1-multi-hop
conv-26__q25	cat2-temporal
conv-26__q26	cat2-temporal
conv-26__q27	cat3-open-domain
conv-26__q28	cat2-temporal
conv-26__q29	cat2-temporal
conv-26__q30	cat3-open-domain
conv-26__q31	cat2-temporal
conv-26__q32	cat1-multi-hop
conv-26__q33	cat2-temporal
conv-26__q34	cat1-multi-hop
conv-26__q35	cat2-temporal
conv-26__q36	cat2-temporal
conv-26__q37	cat1-multi-hop
conv-26__q38	cat1-multi-hop
conv-26__q39	cat1-multi-hop
conv-26__q40	cat1-multi-hop
conv-26__q41	cat2-temporal
conv-26__q42	cat3-open-domain
conv-26__q43	cat1-multi-hop
conv-26__q44	cat2-temporal
conv-26__q45	cat2-temporal
conv-26__q46	cat3-open-domain
conv-26__q47	cat1-multi-hop
conv-26__q48	cat1-multi-hop
conv-26__q49	cat2-temporal
conv-26__q50	cat3-open-domain
conv-26__q51	cat1-multi-hop
conv-26__q52	cat1-multi-hop
conv-26__q53	cat2-temporal
conv-26__q54	cat2-temporal
conv-26__q55	cat1-multi-hop
conv-26__q56	cat1-multi-hop
conv-26__q57	cat2-temporal
conv-26__q58	cat2-temporal
conv-26__q59	cat3-open-domain
conv-26__q60	cat1-multi-hop
conv-26__q61	cat1-multi-hop
conv-26__q62	cat2-temporal
conv-26__q63	cat2-temporal
conv-26__q64	cat3-open-domain
conv-26__q65	cat1-multi-hop
conv-26__q66	cat1-multi-hop
conv-26__q67	cat2-temporal
conv-26__q68	cat2-temporal
conv-26__q69	cat3-open-domain
conv-26__q70	cat1-multi-hop
conv-26__q71	cat1-multi-hop
conv-26__q72	cat2-temporal
conv-26__q73	cat2-temporal
conv-26__q74	cat2-temporal
conv-26__q75	cat1-multi-hop
conv-26__q76	cat1-multi-hop
conv-26__q77	cat3-open-domain
conv-26__q78	cat1-multi-hop
conv-26__q79	cat2-temporal
conv-26__q80	cat2-temporal
conv-26__q81	cat3-open-domain
conv-26__q82	cat4-single-hop
conv-26__q83	cat4-single-hop
conv-26__q84	cat4-single-hop
conv-26__q85	cat4-single-hop
conv-26__q86	cat4-single-hop
conv-26__q87	cat4-single-hop
conv-26__q88	cat4-single-hop
conv-26__q89	cat4-single-hop
conv-26__q90	cat4-single-hop
conv-26__q91	cat4-single-hop
conv-26__q92	cat4-single-hop
conv-26__q93	cat4-single-hop
conv-26__q94	cat4-single-hop
conv-26__q95	cat4-single-hop
conv-26__q96	cat4-single-hop
conv-26__q97	cat4-single-hop
conv-26__q98	cat4-single-hop
conv-26__q99	cat4-single-hop
conv-26__q100	cat4-single-hop
conv-26__q101	cat4-single-hop
conv-26__q102	cat4-single-hop
conv-26__q103	cat4-single-hop
conv-26__q104	cat4-single-hop
conv-26__q105	cat4-single-hop
conv-26__q106	cat4-single-hop
conv-26__q107	cat4-single-hop
conv-26__q108	cat4-single-hop
conv-26__q109	cat4-single-hop
conv-26__q110	cat4-single-hop
conv-26__q111	cat4-single-hop
conv-26__q112	cat4-single-hop
conv-26__q113	cat4-single-hop
conv-26__q114	cat4-single-hop
conv-26__q115	cat4-single-hop
conv-26__q116	cat4-single-hop
conv-26__q117	cat4-single-hop
conv-26__q118	cat4-single-hop
conv-26__q119	cat4-single-hop
conv-26__q120	cat4-single-hop
conv-26__q121	cat4-single-hop
conv-26__q122	cat4-single-hop
conv-26__q123	cat4-single-hop
conv-26__q124	cat4-single-hop
conv-26__q125	cat4-single-hop
conv-26__q126	cat4-single-hop
conv-26__q127	cat4-single-hop
conv-26__q128	cat4-single-hop
conv-26__q129	cat4-single-hop
conv-26__q130	cat4-single-hop
conv-26__q131	cat4-single-hop
conv-26__q132	cat4-single-hop
conv-26__q133	cat4-single-hop
conv-26__q134	cat4-single-hop
conv-26__q135	cat4-single-hop
conv-26__q136	cat4-single-hop
conv-26__q137	cat4-single-hop
conv-26__q138	cat4-single-hop
conv-26__q139	cat4-single-hop
conv-26__q140	cat4-single-hop
conv-26__q141	cat4-single-hop
conv-26__q142	cat4-single-hop
conv-26__q143	cat4-single-hop
conv-26__q144	cat4-single-hop
conv-26__q145	cat4-single-hop
conv-26__q146	cat4-single-hop
conv-26__q147	cat4-single-hop
conv-26__q148	cat4-single-hop
conv-26__q149	cat4-single-hop
conv-26__q150	cat4-single-hop
conv-26__q151	cat4-single-hop
conv-26__q152	cat5-adversarial
conv-26__q153	cat5-adversarial
conv-26__q154	cat5-adversarial
conv-26__q155	cat5-adversarial
conv-26__q156	cat5-adversarial
conv-26__q157	cat5-adversarial
conv-26__q158	cat5-adversarial
conv-26__q159	cat5-adversarial
conv-26__q160	cat5-adversarial
conv-26__q161	cat5-adversarial
conv-26__q162	cat5-adversarial
conv-26__q163	cat5-adversarial
conv-26__q164	cat5-adversarial
conv-26__q165	cat5-adversarial
conv-26__q166	cat5-adversarial
conv-26__q167	cat5-adversarial
conv-26__q168	cat5-adversarial
conv-26__q169	cat5-adversarial
conv-26__q170	cat5-adversarial
conv-26__q171	cat5-adversarial
conv-26__q172	cat5-adversarial
conv-26__q173	cat5-adversarial
conv-26__q174	cat5-adversarial
conv-26__q175	cat5-adversarial
conv-26__q176	cat5-adversarial
conv-26__q177	cat5-adversarial
conv-26__q178	cat5-adversarial
conv-26__q179	cat5-adversarial
conv-26__q180	cat5-adversarial
conv-26__q181	cat5-adversarial
conv-26__q182	cat5-adversarial
conv-26__q183	cat5-adversarial
conv-26__q184	cat5-adversarial
conv-26__q185	cat5-adversarial
conv-26__q186	cat5-adversarial
conv-26__q187	cat5-adversarial
conv-26__q188	cat5-adversarial
conv-26__q189	cat5-adversarial
conv-26__q190	cat5-adversarial
conv-26__q191	cat5-adversarial
conv-26__q192	cat5-adversarial
conv-26__q193	cat5-adversarial
conv-26__q194	cat5-adversarial
conv-26__q195	cat5-adversarial
conv-26__q196	cat5-adversarial
conv-26__q197	cat5-adversarial
conv-26__q198	cat5-adversarial
conv-30__q0	cat2-temporal
conv-30__q1	cat2-temporal
conv-30__q2	cat4-single-hop
conv-30__q3	cat1-multi-hop
conv-30__q4	cat4-single-hop
conv-30__q5	cat1-multi-hop
conv-30__q6	cat2-temporal
conv-30__q7	cat2-temporal
conv-30__q8	cat2-temporal
conv-30__q9	cat1-multi-hop
conv-30__q10	cat2-temporal
conv-30__q11	cat2-temporal
conv-30__q12	cat2-temporal
conv-30__q13	cat2-temporal
conv-30__q14	cat2-temporal
conv-30__q15	cat2-temporal
conv-30__q16	cat2-temporal
conv-30__q17	cat1-multi-hop
conv-30__q18	cat1-multi-hop
conv-30__q19	cat2-temporal
conv-30__q20	cat2-temporal
conv-30__q21	cat2-temporal
conv-30__q22	cat2-temporal
conv-30__q23	cat1-multi-hop
conv-30__q24	cat1-multi-hop
conv-30__q25	cat1-multi-hop
conv-30__q26	cat2-temporal
conv-30__q27	cat1-multi-hop
conv-30__q28	cat2-temporal
conv-30__q29	cat1-multi-hop
conv-30__q30	cat2-temporal
conv-30__q31	cat1-multi-hop
conv-30__q32	cat2-temporal
conv-30__q33	cat2-temporal
conv-30__q34	cat2-temporal
conv-30__q35	cat2-temporal
conv-30__q36	cat2-temporal
conv-30__q37	cat2-temporal
conv-30__q38	cat2-temporal
conv-30__q39	cat4-single-hop
conv-30__q40	cat4-single-hop
conv-30__q41	cat4-single-hop
conv-30__q42	cat4-single-hop
conv-30__q43	cat4-single-hop
conv-30__q44	cat4-single-hop
conv-30__q45	cat4-single-hop
conv-30__q46	cat4-single-hop
conv-30__q47	cat4-single-hop
conv-30__q48	cat4-single-hop
conv-30__q49	cat4-single-hop
conv-30__q50	cat4-single-hop
conv-30__q51	cat4-single-hop
conv-30__q52	cat4-single-hop
conv-30__q53	cat4-single-hop
conv-30__q54	cat4-single-hop
conv-30__q55	cat4-single-hop
conv-30__q56	cat4-single-hop
conv-30__q57	cat4-single-hop
conv-30__q58	cat4-single-hop
conv-30__q59	cat4-single-hop
conv-30__q60	cat4-single-hop
conv-30__q61	cat4-single-hop
conv-30__q62	cat4-single-hop
conv-30__q63	cat4-single-hop
conv-30__q64	cat4-single-hop
conv-30__q65	cat4-single-hop
conv-30__q66	cat4-single-hop
conv-30__q67	cat4-single-hop
conv-30__q68	cat4-single-hop
conv-30__q69	cat4-single-hop
conv-30__q70	cat4-single-hop
conv-30__q71	cat4-single-hop
conv-30__q72	cat4-single-hop
conv-30__q73	cat4-single-hop
conv-30__q74	cat4-single-hop
conv-30__q75	cat4-single-hop
conv-30__q76	cat4-single-hop
conv-30__q77	cat4-single-hop
conv-30__q78	cat4-single-hop
conv-30__q79	cat5-adversarial
conv-30__q80	cat4-single-hop
conv-30__q81	cat4-single-hop
conv-30__q82	cat5-adversarial
conv-30__q83	cat5-adversarial
conv-30__q84	cat5-adversarial
conv-30__q85	cat5-adversarial
conv-30__q86	cat5-adversarial
conv-30__q87	cat5-adversarial
conv-30__q88	cat5-adversarial
conv-30__q89	cat5-adversarial
conv-30__q90	cat5-adversarial
conv-30__q91	cat5-adversarial
conv-30__q92	cat5-adversarial
conv-30__q93	cat5-adversarial
conv-30__q94	cat5-adversarial
conv-30__q95	cat5-adversarial
conv-30__q96	cat5-adversarial
conv-30__q97	cat5-adversarial
conv-30__q98	cat5-adversarial
conv-30__q99	cat5-adversarial
conv-30__q100	cat5-adversarial
conv-30__q101	cat5-adversarial
conv-30__q102	cat5-adversarial
conv-30__q103	cat5-adversarial
conv-30__q104	cat5-adversarial
conv-41__q0	cat2-temporal
conv-41__q1	cat2-temporal
conv-41__q2	cat1-multi-hop
conv-41__q3	cat1-multi-hop
conv-41__q4	cat2-temporal
conv-41__q5	cat2-temporal
conv-41__q6	cat1-multi-hop
conv-41__q7	cat1-multi-hop
conv-41__q8	cat3-open-domain
conv-41__q9	cat1-multi-hop
conv-41__q10	cat2-temporal
conv-41__q11	cat1-multi-hop
conv-41__q12	cat1-multi-hop
conv-41__q13	cat2-temporal
conv-41__q14	cat3-open-domain
conv-41__q15	cat1-multi-hop
conv-41__q16	cat2-temporal
conv-41__q17	cat3-open-domain
conv-41__q18	cat1-multi-hop
conv-41__q19	cat1-multi-hop
conv-41__q20	cat2-temporal
conv-41__q21	cat1-multi-hop
conv-41__q22	cat2-temporal
conv-41__q23	cat1-multi-hop
conv-41__q24	cat2-temporal
conv-41__q25	cat1-multi-hop
conv-41__q26	cat1-multi-hop
conv-41__q27	cat2-temporal
conv-41__q28	cat1-multi-hop
conv-41__q29	cat1-multi-hop
conv-41__q30	cat1-multi-hop
conv-41__q31	cat2-temporal
conv-41__q32	cat1-multi-hop
conv-41__q33	cat1-multi-hop
conv-41__q34	cat2-temporal
conv-41__q35	cat1-multi-hop
conv-41__q36	cat1-multi-hop
conv-41__q37	cat1-multi-hop
conv-41__q38	cat2-temporal
conv-41__q39	cat3-open-domain
conv-41__q40	cat1-multi-hop
conv-41__q41	cat3-open-domain
conv-41__q42	cat1-multi-hop
conv-41__q43	cat2-temporal
conv-41__q44	cat1-multi-hop
conv-41__q45	cat3-open-domain
conv-41__q46	cat2-temporal
conv-41__q47	cat1-multi-hop
conv-41__q48	cat2-temporal
conv-41__q49	cat1-multi-hop
conv-41__q50	cat3-open-domain
conv-41__q51	cat2-temporal
conv-41__q52	cat1-multi-hop
conv-41__q53	cat2-temporal
conv-41__q54	cat2-temporal
conv-41__q55	cat2-temporal
conv-41__q56	cat2-temporal
conv-41__q57	cat1-multi-hop
conv-41__q58	cat2-temporal
conv-41__q59	cat2-temporal
conv-41__q60	cat1-multi-hop
conv-41__q61	cat2-temporal
conv-41__q62	cat1-multi-hop
conv-41__q63	cat2-temporal
conv-41__q64	cat3-open-domain
conv-41__q65	cat4-single-hop
conv-41__q66	cat4-single-hop
conv-41__q67	cat4-single-hop
conv-41__q68	cat4-single-hop
conv-41__q69	cat4-single-hop
conv-41__q70	cat4-single-hop
conv-41__q71	cat4-single-hop
conv-41__q72	cat4-single-hop
conv-41__q73	cat4-single-hop
conv-41__q74	cat4-single-hop
conv-41__q75	cat4-single-hop
conv-41__q76	cat4-single-hop
conv-41__q77	cat4-single-hop
conv-41__q78	cat4-single-hop
conv-41__q79	cat4-single-hop
conv-41__q80	cat4-single-hop
conv-41__q81	cat4-single-hop
conv-41__q82	cat4-single-hop
conv-41__q83	cat4-single-hop
conv-41__q84	cat4-single-hop
conv-41__q85	cat4-single-hop
conv-41__q86	cat4-single-hop
conv-41__q87	cat4-single-hop
conv-41__q88	cat4-single-hop
conv-41__q89	cat4-single-hop
conv-41__q90	cat4-single-hop
conv-41__q91	cat2-temporal
conv-41__q92	cat4-single-hop
conv-41__q93	cat4-single-hop
conv-41__q94	cat4-single-hop
conv-41__q95	cat4-single-hop
conv-41__q96	cat4-single-hop
conv-41__q97	cat4-single-hop
conv-41__q98	cat4-single-hop
conv-41__q99	cat4-single-hop
conv-41__q100	cat4-single-hop
conv-41__q101	cat4-single-hop
conv-41__q102	cat4-single-hop
conv-41__q103	cat4-single-hop
conv-41__q104	cat4-single-hop
conv-41__q105	cat4-single-hop
conv-41__q106	cat4-single-hop
conv-41__q107	cat4-single-hop
conv-41__q108	cat4-single-hop
conv-41__q109	cat4-single-hop
conv-41__q110	cat4-single-hop
conv-41__q111	cat4-single-hop
conv-41__q112	cat4-single-hop
conv-41__q113	cat4-single-hop
conv-41__q114	cat4-single-hop
conv-41__q115	cat4-single-hop
conv-41__q116	cat4-single-hop
conv-41__q117	cat4-single-hop
conv-41__q118	cat4-single-hop
conv-41__q119	cat4-single-hop
conv-41__q120	cat4-single-hop
conv-41__q121	cat4-single-hop
conv-41__q122	cat4-single-hop
conv-41__q123	cat4-single-hop
conv-41__q124	cat4-single-hop
conv-41__q125	cat4-single-hop
conv-41__q126	cat4-single-hop
conv-41__q127	cat4-single-hop
conv-41__q128	cat4-single-hop
conv-41__q129	cat4-single-hop
conv-41__q130	cat4-single-hop
conv-41__q131	cat4-single-hop
conv-41__q132	cat4-single-hop
conv-41__q133	cat4-single-hop
conv-41__q134	cat4-single-hop
conv-41__q135	cat4-single-hop
conv-41__q136	cat4-single-hop
conv-41__q137	cat4-single-hop
conv-41__q138	cat4-single-hop
conv-41__q139	cat4-single-hop
conv-41__q140	cat4-single-hop
conv-41__q141	cat4-single-hop
conv-41__q142	cat4-single-hop
conv-41__q143	cat4-single-hop
conv-41__q144	cat4-single-hop
conv-41__q145	cat4-single-hop
conv-41__q146	cat4-single-hop
conv-41__q147	cat4-single-hop
conv-41__q148	cat4-single-hop
conv-41__q149	cat4-single-hop
conv-41__q150	cat4-single-hop
conv-41__q151	cat4-single-hop
conv-41__q152	cat5-adversarial
conv-41__q153	cat5-adversarial
conv-41__q154	cat5-adversarial
conv-41__q155	cat5-adversarial
conv-41__q156	cat5-adversarial
conv-41__q157	cat5-adversarial
conv-41__q158	cat5-adversarial
conv-41__q159	cat5-adversarial
conv-41__q160	cat5-adversarial
conv-41__q161	cat5-adversarial
conv-41__q162	cat5-adversarial
conv-41__q163	cat5-adversarial
conv-41__q164	cat5-adversarial
conv-41__q165	cat5-adversarial
conv-41__q166	cat5-adversarial
conv-41__q167	cat5-adversarial
conv-41__q168	cat5-adversarial
conv-41__q169	cat5-adversarial
conv-41__q170	cat5-adversarial
conv-41__q171	cat5-adversarial
conv-41__q172	cat5-adversarial
conv-41__q173	cat5-adversarial
conv-41__q174	cat5-adversarial
conv-41__q175	cat5-adversarial
conv-41__q176	cat5-adversarial
conv-41__q177	cat5-adversarial
conv-41__q178	cat5-adversarial
conv-41__q179	cat5-adversarial
conv-41__q180	cat5-adversarial
conv-41__q181	cat5-adversarial
conv-41__q182	cat5-adversarial
conv-41__q183	cat5-adversarial
conv-41__q184	cat5-adversarial
conv-41__q185	cat5-adversarial
conv-41__q186	cat5-adversarial
conv-41__q187	cat5-adversarial
conv-41__q188	cat5-adversarial
conv-41__q189	cat5-adversarial
conv-41__q190	cat5-adversarial
conv-41__q191	cat5-adversarial
conv-41__q192	cat5-adversarial
conv-42__q0	cat3-open-domain
conv-42__q1	cat1-multi-hop
conv-42__q2	cat2-temporal
conv-42__q3	cat2-temporal
conv-42__q4	cat3-open-domain
conv-42__q5	cat1-multi-hop
conv-42__q6	cat2-temporal
conv-42__q7	cat2-temporal
conv-42__q8	cat2-temporal
conv-42__q9	cat2-temporal
conv-42__q10	cat1-multi-hop
conv-42__q11	cat1-multi-hop
conv-42__q12	cat3-open-domain
conv-42__q13	cat2-temporal
conv-42__q14	cat3-open-domain
conv-42__q15	cat2-temporal
conv-42__q16	cat2-temporal
conv-42__q17	cat2-temporal
conv-42__q18	cat2-temporal
conv-42__q19	cat1-multi-hop
conv-42__q20	cat2-temporal
conv-42__q21	cat2-temporal
conv-42__q22	cat2-temporal
conv-42__q23	cat1-multi-hop
conv-42__q24	cat2-temporal
conv-42__q25	cat2-temporal
conv-42__q26	cat2-temporal
conv-42__q27	cat1-multi-hop
conv-42__q28	cat2-temporal
conv-42__q29	cat2-temporal
conv-42__q30	cat1-multi-hop
conv-42__q31	cat2-temporal
conv-42__q32	cat2-temporal
conv-42__q33	cat2-temporal
conv-42__q34	cat1-multi-hop
conv-42__q35	cat2-temporal
conv-42__q36	cat2-temporal
conv-42__q37	cat2-temporal
conv-42__q38	cat2-temporal
conv-42__q39	cat2-temporal
conv-42__q40	cat2-temporal
conv-42__q41	cat2-temporal
conv-42__q42	cat1-multi-hop
conv-42__q43	cat2-temporal
conv-42__q44	cat2-temporal
conv-42__q45	cat2-temporal
conv-42__q46	cat1-multi-hop
conv-42__q47	cat1-multi-hop
conv-42__q48	cat2-temporal
conv-42__q49	cat1-multi-hop
conv-42__q50	cat1-multi-hop
conv-42__q51	cat1-multi-hop
conv-42__q52	cat1-multi-hop
conv-42__q53	cat1-multi-hop
conv-42__q54	cat2-temporal
conv-42__q55	cat1-multi-hop
conv-42__q56	cat1-multi-hop
conv-42__q57	cat2-temporal
conv-42__q58	cat1-multi-hop
conv-42__q59	cat1-multi-hop
conv-42__q60	cat3-open-domain
conv-42__q61	cat1-multi-hop
conv-42__q62	cat1-multi-hop
conv-42__q63	cat1-multi-hop
conv-42__q64	cat2-temporal
conv-42__q65	cat2-temporal
conv-42__q66	cat3-open-domain
conv-42__q67	cat1-multi-hop
conv-42__q68	cat3-open-domain
conv-42__q69	cat1-multi-hop
conv-42__q70	cat1-multi-hop
conv-42__q71	cat1-multi-hop
conv-42__q72	cat2-temporal
conv-42__q73	cat3-open-domain
conv-42__q74	cat1-multi-hop
conv-42__q75	cat1-multi-hop
conv-42__q76	cat1-multi-hop
conv-42__q77	cat2-temporal
conv-42__q78	cat1-multi-hop
conv-42__q79	cat1-multi-hop
conv-42__q80	cat1-multi-hop
conv-42__q81	cat1-multi-hop
conv-42__q82	cat1-multi-hop
conv-42__q83	cat1-multi-hop
conv-42__q84	cat3-open-domain
conv-42__q85	cat3-open-domain
conv-42__q86	cat2-temporal
conv-42__q87	cat3-open-domain
conv-42__q88	cat4-single-hop
conv-42__q89	cat4-single-hop
conv-42__q90	cat4-single-hop
conv-42__q91	cat4-single-hop
conv-42__q92	cat4-single-hop
conv-42__q93	cat4-single-hop
conv-42__q94	cat4-single-hop
conv-42__q95	cat4-single-hop
conv-42__q96	cat4-single-hop
conv-42__q97	cat4-single-hop
conv-42__q98	cat4-single-hop
conv-42__q99	cat4-single-hop
conv-42__q100	cat4-single-hop
conv-42__q101	cat4-single-hop
conv-42__q102	cat4-single-hop
conv-42__q103	cat4-single-hop
conv-42__q104	cat4-single-hop
conv-42__q105	cat4-single-hop
conv-42__q106	cat4-single-hop
conv-42__q107	cat4-single-hop
conv-42__q108	cat4-single-hop
conv-42__q109	cat4-single-hop
conv-42__q110	cat4-single-hop
conv-42__q111	cat4-single-hop
conv-42__q112	cat4-single-hop
conv-42__q113	cat4-single-hop
conv-42__q114	cat4-single-hop
conv-42__q115	cat4-single-hop
conv-42__q116	cat4-single-hop
conv-42__q117	cat4-single-hop
conv-42__q118	cat4-single-hop
conv-42__q119	cat4-single-hop
conv-42__q120	cat4-single-hop
conv-42__q121	cat4-single-hop
conv-42__q122	cat4-single-hop
conv-42__q123	cat4-single-hop
conv-42__q124	cat4-single-hop
conv-42__q125	cat4-single-hop
conv-42__q126	cat4-single-hop
conv-42__q127	cat4-single-hop
conv-42__q128	cat4-single-hop
conv-42__q129	cat4-single-hop
conv-42__q130	cat4-single-hop
conv-42__q131	cat4-single-hop
conv-42__q132	cat4-single-hop
conv-42__q133	cat4-single-hop
conv-42__q134	cat4-single-hop
conv-42__q135	cat4-single-hop
conv-42__q136	cat4-single-hop
conv-42__q137	cat4-single-hop
conv-42__q138	cat4-single-hop
conv-42__q139	cat4-single-hop
conv-42__q140	cat4-single-hop
conv-42__q141	cat4-single-hop
conv-42__q142	cat4-single-hop
conv-42__q143	cat4-single-hop
conv-42__q144	cat4-single-hop
conv-42__q145	cat4-single-hop
conv-42__q146	cat4-single-hop
conv-42__q147	cat4-single-hop
conv-42__q148	cat4-single-hop
conv-42__q149	cat4-single-hop
conv-42__q150	cat4-single-hop
conv-42__q151	cat4-single-hop
conv-42__q152	cat4-single-hop
conv-42__q153	cat4-single-hop
conv-42__q154	cat4-single-hop
conv-42__q155	cat4-single-hop
conv-42__q156	cat4-single-hop
conv-42__q157	cat4-single-hop
conv-42__q158	cat4-single-hop
conv-42__q159	cat4-single-hop
conv-42__q160	cat4-single-hop
conv-42__q161	cat4-single-hop
conv-42__q162	cat4-single-hop
conv-42__q163	cat4-single-hop
conv-42__q164	cat4-single-hop
conv-42__q165	cat4-single-hop
conv-42__q166	cat4-single-hop
conv-42__q167	cat4-single-hop
conv-42__q168	cat4-single-hop
conv-42__q169	cat4-single-hop
conv-42__q170	cat4-single-hop
conv-42__q171	cat4-single-hop
conv-42__q172	cat4-single-hop
conv-42__q173	cat4-single-hop
conv-42__q174	cat4-single-hop
conv-42__q175	cat4-single-hop
conv-42__q176	cat4-single-hop
conv-42__q177	cat4-single-hop
conv-42__q178	cat4-single-hop
conv-42__q179	cat4-single-hop
conv-42__q180	cat4-single-hop
conv-42__q181	cat4-single-hop
conv-42__q182	cat4-single-hop
conv-42__q183	cat4-single-hop
conv-42__q184	cat4-single-hop
conv-42__q185	cat4-single-hop
conv-42__q186	cat4-single-hop
conv-42__q187	cat4-single-hop
conv-42__q188	cat4-single-hop
conv-42__q189	cat4-single-hop
conv-42__q190	cat4-single-hop
conv-42__q191	cat4-single-hop
conv-42__q192	cat4-single-hop
conv-42__q193	cat4-single-hop
conv-42__q194	cat4-single-hop
conv-42__q195	cat4-single-hop
conv-42__q196	cat4-single-hop
conv-42__q197	cat4-single-hop
conv-42__q198	cat4-single-hop
conv-42__q199	cat5-adversarial
conv-42__q200	cat5-adversarial
conv-42__q201	cat5-adversarial
conv-42__q202	cat5-adversarial
conv-42__q203	cat5-adversarial
conv-42__q204	cat5-adversarial
conv-42__q205	cat5-adversarial
conv-42__q206	cat5-adversarial
conv-42__q207	cat5-adversarial
conv-42__q208	cat5-adversarial
conv-42__q209	cat5-adversarial
conv-42__q210	cat5-adversarial
conv-42__q211	cat5-adversarial
conv-42__q212	cat5-adversarial
conv-42__q213	cat5-adversarial
conv-42__q214	cat5-adversarial
conv-42__q215	cat5-adversarial
conv-42__q216	cat5-adversarial
conv-42__q217	cat5-adversarial
conv-42__q218	cat5-adversarial
conv-42__q219	cat5-adversarial
conv-42__q220	cat5-adversarial
conv-42__q221	cat5-adversarial
conv-42__q222	cat5-adversarial
conv-42__q223	cat5-adversarial
conv-42__q224	cat5-adversarial
conv-42__q225	cat5-adversarial
conv-42__q226	cat5-adversarial
conv-42__q227	cat5-adversarial
conv-42__q228	cat5-adversarial
conv-42__q229	cat5-adversarial
conv-42__q230	cat5-adversarial
conv-42__q231	cat5-adversarial
conv-42__q232	cat5-adversarial
conv-42__q233	cat5-adversarial
conv-42__q234	cat5-adversarial
conv-42__q235	cat5-adversarial
conv-42__q236	cat5-adversarial
conv-42__q237	cat5-adversarial
conv-42__q238	cat5-adversarial
conv-42__q239	cat5-adversarial
conv-42__q240	cat5-adversarial
conv-42__q241	cat5-adversarial
conv-42__q242	cat5-adversarial
conv-42__q243	cat5-adversarial
conv-42__q244	cat5-adversarial
conv-42__q245	cat5-adversarial
conv-42__q246	cat5-adversarial
conv-42__q247	cat5-adversarial
conv-42__q248	cat5-adversarial
conv-42__q249	cat5-adversarial
conv-42__q250	cat5-adversarial
conv-42__q251	cat5-adversarial
conv-42__q252	cat5-adversarial
conv-42__q253	cat5-adversarial
conv-42__q254	cat5-adversarial
conv-42__q255	cat5-adversarial
conv-42__q256	cat5-adversarial
conv-42__q257	cat5-adversarial
conv-42__q258	cat5-adversarial
conv-42__q259	cat5-adversarial
conv-43__q0	cat1-multi-hop
conv-43__q1	cat1-multi-hop
conv-43__q2	cat1-multi-hop
conv-43__q3	cat3-open-domain
conv-43__q4	cat1-multi-hop
conv-43__q5	cat3-open-domain
conv-43__q6	cat2-temporal
conv-43__q7	cat1-multi-hop
conv-43__q8	cat3-open-domain
conv-43__q9	cat1-multi-hop
conv-43__q10	cat2-temporal
conv-43__q11	cat1-multi-hop
conv-43__q12	cat2-temporal
conv-43__q13	cat1-multi-hop
conv-43__q14	cat1-multi-hop
conv-43__q15	cat3-open-domain
conv-43__q16	cat2-temporal
conv-43__q17	cat1-multi-hop
conv-43__q18	cat1-multi-hop
conv-43__q19	cat3-open-domain
conv-43__q20	cat2-temporal
conv-43__q21	cat1-multi-hop
conv-43__q22	cat2-temporal
conv-43__q23	cat2-temporal
conv-43__q24	cat2-temporal
conv-43__q25	cat1-multi-hop
conv-43__q26	cat1-multi-hop
conv-43__q27	cat3-open-domain
conv-43__q28	cat3-open-domain
conv-43__q29	cat1-multi-hop
conv-43__q30	cat1-multi-hop
conv-43__q31	cat2-temporal
conv-43__q32	cat3-open-domain
conv-43__q33	cat2-temporal
conv-43__q34	cat3-open-domain
conv-43__q35	cat1-multi-hop
conv-43__q36	cat1-multi-hop
conv-43__q37	cat2-temporal
conv-43__q38	cat1-multi-hop
conv-43__q39	cat2-temporal
conv-43__q40	cat2-temporal
conv-43__q41	cat1-multi-hop
conv-43__q42	cat1-multi-hop
conv-43__q43	cat1-multi-hop
conv-43__q44	cat2-temporal
conv-43__q45	cat2-temporal
conv-43__q46	cat2-temporal
conv-43__q47	cat2-temporal
conv-43__q48	cat1-multi-hop
conv-43__q49	cat1-multi-hop
conv-43__q50	cat1-multi-hop
conv-43__q51	cat3-open-domain
conv-43__q52	cat1-multi-hop
conv-43__q53	cat3-open-domain
conv-43__q54	cat2-temporal
conv-43__q55	cat2-temporal
conv-43__q56	cat2-temporal
conv-43__q57	cat1-multi-hop
conv-43__q58	cat2-temporal
conv-43__q59	cat1-multi-hop
conv-43__q60	cat2-temporal
conv-43__q61	cat1-multi-hop
conv-43__q62	cat1-multi-hop
conv-43__q63	cat2-temporal
conv-43__q64	cat2-temporal
conv-43__q65	cat1-multi-hop
conv-43__q66	cat3-open-domain
conv-43__q67	cat3-open-domain
conv-43__q68	cat2-temporal
conv-43__q69	cat2-temporal
conv-43__q70	cat3-open-domain
conv-43__q71	cat4-single-hop
conv-43__q72	cat4-single-hop
conv-43__q73	cat4-single-hop
conv-43__q74	cat4-single-hop
conv-43__q75	cat4-single-hop
conv-43__q76	cat4-single-hop
conv-43__q77	cat4-single-hop
conv-43__q78	cat4-single-hop
conv-43__q79	cat4-single-hop
conv-43__q80	cat4-single-hop
conv-43__q81	cat4-single-hop
conv-43__q82	cat4-single-hop
conv-43__q83	cat4-single-hop
conv-43__q84	cat4-single-hop
conv-43__q85	cat4-single-hop
conv-43__q86	cat4-single-hop
conv-43__q87	cat4-single-hop
conv-43__q88	cat4-single-hop
conv-43__q89	cat4-single-hop
conv-43__q90	cat4-single-hop
conv-43__q91	cat4-single-hop
conv-43__q92	cat4-single-hop
conv-43__q93	cat4-single-hop
conv-43__q94	cat4-single-hop
conv-43__q95	cat4-single-hop
conv-43__q96	cat4-single-hop
conv-43__q97	cat4-single-hop
conv-43__q98	cat4-single-hop
conv-43__q99	cat4-single-hop
conv-43__q100	cat4-single-hop
conv-43__q101	cat4-single-hop
conv-43__q102	cat4-single-hop
conv-43__q103	cat4-single-hop
conv-43__q104	cat4-single-hop
conv-43__q105	cat4-single-hop
conv-43__q106	cat4-single-hop
conv-43__q107	cat4-single-hop
conv-43__q108	cat4-single-hop
conv-43__q109	cat4-single-hop
conv-43__q110	cat4-single-hop
conv-43__q111	cat4-single-hop
conv-43__q112	cat4-single-hop
conv-43__q113	cat4-single-hop
conv-43__q114	cat4-single-hop
conv-43__q115	cat4-single-hop
conv-43__q116	cat4-single-hop
conv-43__q117	cat4-single-hop
conv-43__q118	cat4-single-hop
conv-43__q119	cat4-single-hop
conv-43__q120	cat4-single-hop
conv-43__q121	cat4-single-hop
conv-43__q122	cat4-single-hop
conv-43__q123	cat4-single-hop
conv-43__q124	cat4-single-hop
conv-43__q125	cat4-single-hop
conv-43__q126	cat4-single-hop
conv-43__q127	cat4-single-hop
conv-43__q128	cat4-single-hop
conv-43__q129	cat4-single-hop
conv-43__q130	cat4-single-hop
conv-43__q131	cat4-single-hop
conv-43__q132	cat4-single-hop
conv-43__q133	cat4-single-hop
conv-43__q134	cat4-single-hop
conv-43__q135	cat4-single-hop
conv-43__q136	cat4-single-hop
conv-43__q137	cat4-single-hop
conv-43__q138	cat4-single-hop
conv-43__q139	cat4-single-hop
conv-43__q140	cat4-single-hop
conv-43__q141	cat4-single-hop
conv-43__q142	cat4-single-hop
conv-43__q143	cat4-single-hop
conv-43__q144	cat4-single-hop
conv-43__q145	cat4-single-hop
conv-43__q146	cat4-single-hop
conv-43__q147	cat4-single-hop
conv-43__q148	cat4-single-hop
conv-43__q149	cat4-single-hop
conv-43__q150	cat4-single-hop
conv-43__q151	cat4-single-hop
conv-43__q152	cat4-single-hop
conv-43__q153	cat4-single-hop
conv-43__q154	cat4-single-hop
conv-43__q155	cat4-single-hop
conv-43__q156	cat4-single-hop
conv-43__q157	cat4-single-hop
conv-43__q158	cat4-single-hop
conv-43__q159	cat4-single-hop
conv-43__q160	cat4-single-hop
conv-43__q161	cat4-single-hop
conv-43__q162	cat4-single-hop
conv-43__q163	cat4-single-hop
conv-43__q164	cat4-single-hop
conv-43__q165	cat4-single-hop
conv-43__q166	cat4-single-hop
conv-43__q167	cat4-single-hop
conv-43__q168	cat4-single-hop
conv-43__q169	cat4-single-hop
conv-43__q170	cat4-single-hop
conv-43__q171	cat4-single-hop
conv-43__q172	cat4-single-hop
conv-43__q173	cat4-single-hop
conv-43__q174	cat4-single-hop
conv-43__q175	cat4-single-hop
conv-43__q176	cat4-single-hop
conv-43__q177	cat4-single-hop
conv-43__q178	cat5-adversarial
conv-43__q179	cat5-adversarial
conv-43__q180	cat5-adversarial
conv-43__q181	cat5-adversarial
conv-43__q182	cat5-adversarial
conv-43__q183	cat5-adversarial
conv-43__q184	cat5-adversarial
conv-43__q185	cat5-adversarial
conv-43__q186	cat5-adversarial
conv-43__q187	cat5-adversarial
conv-43__q188	cat5-adversarial
conv-43__q189	cat5-adversarial
conv-43__q190	cat5-adversarial
conv-43__q191	cat5-adversarial
conv-43__q192	cat5-adversarial
conv-43__q193	cat5-adversarial
conv-43__q194	cat5-adversarial
conv-43__q195	cat5-adversarial
conv-43__q196	cat5-adversarial
conv-43__q197	cat5-adversarial
conv-43__q198	cat5-adversarial
conv-43__q199	cat5-adversarial
conv-43__q200	cat5-adversarial
conv-43__q201	cat5-adversarial
conv-43__q202	cat5-adversarial
conv-43__q203	cat5-adversarial
conv-43__q204	cat5-adversarial
conv-43__q205	cat5-adversarial
conv-43__q206	cat5-adversarial
conv-43__q207	cat5-adversarial
conv-43__q208	cat5-adversarial
conv-43__q209	cat5-adversarial
conv-43__q210	cat5-adversarial
conv-43__q211	cat5-adversarial
conv-43__q212	cat5-adversarial
conv-43__q213	cat5-adversarial
conv-43__q214	cat5-adversarial
conv-43__q215	cat5-adversarial
conv-43__q216	cat5-adversarial
conv-43__q217	cat5-adversarial
conv-43__q218	cat5-adversarial
conv-43__q219	cat5-adversarial
conv-43__q220	cat5-adversarial
conv-43__q221	cat5-adversarial
conv-43__q222	cat5-adversarial
conv-43__q223	cat5-adversarial
conv-43__q224	cat5-adversarial
conv-43__q225	cat5-adversarial
conv-43__q226	cat5-adversarial
conv-43__q227	cat5-adversarial
conv-43__q228	cat5-adversarial
conv-43__q229	cat5-adversarial
conv-43__q230	cat5-adversarial
conv-43__q231	cat5-adversarial
conv-43__q232	cat5-adversarial
conv-43__q233	cat5-adversarial
conv-43__q234	cat5-adversarial
conv-43__q235	cat5-adversarial
conv-43__q236	cat5-adversarial
conv-43__q237	cat5-adversarial
conv-43__q238	cat5-adversarial
conv-43__q239	cat5-adversarial
conv-43__q240	cat5-adversarial
conv-43__q241	cat5-adversarial
conv-44__q0	cat2-temporal
conv-44__q1	cat2-temporal
conv-44__q2	cat1-multi-hop
conv-44__q3	cat1-multi-hop
conv-44__q4	cat2-temporal
conv-44__q5	cat2-temporal
conv-44__q6	cat2-temporal
conv-44__q7	cat2-temporal
conv-44__q8	cat2-temporal
conv-44__q9	cat1-multi-hop
conv-44__q10	cat2-temporal
conv-44__q11	cat2-temporal
conv-44__q12	cat1-multi-hop
conv-44__q13	cat2-temporal
conv-44__q14	cat1-multi-hop
conv-44__q15	cat1-multi-hop
conv-44__q16	cat2-temporal
conv-44__q17	cat1-multi-hop
conv-44__q18	cat1-multi-hop
conv-44__q19	cat3-open-domain
conv-44__q20	cat3-open-domain
conv-44__q21	cat1-multi-hop
conv-44__q22	cat2-temporal
conv-44__q23	cat1-multi-hop
conv-44__q24	cat1-multi-hop
conv-44__q25	cat2-temporal
conv-44__q26	cat1-multi-hop
conv-44__q27	cat1-multi-hop
conv-44__q28	cat1-multi-hop
conv-44__q29	cat1-multi-hop
conv-44__q30	cat2-temporal
conv-44__q31	cat1-multi-hop
conv-44__q32	cat1-multi-hop
conv-44__q33	cat3-open-domain
conv-44__q34	cat2-temporal
conv-44__q35	cat1-multi-hop
conv-44__q36	cat1-multi-hop
conv-44__q37	cat2-temporal
conv-44__q38	cat2-temporal
conv-44__q39	cat1-multi-hop
conv-44__q40	cat1-multi-hop
conv-44__q41	cat1-multi-hop
conv-44__q42	cat1-multi-hop
conv-44__q43	cat3-open-domain
conv-44__q44	cat3-open-domain
conv-44__q45	cat2-temporal
conv-44__q46	cat2-temporal
conv-44__q47	cat2-temporal
conv-44__q48	cat1-multi-hop
conv-44__q49	cat1-multi-hop
conv-44__q50	cat1-multi-hop
conv-44__q51	cat1-multi-hop
conv-44__q52	cat3-open-domain
conv-44__q53	cat3-open-domain
conv-44__q54	cat1-multi-hop
conv-44__q55	cat2-temporal
conv-44__q56	cat1-multi-hop
conv-44__q57	cat2-temporal
conv-44__q58	cat2-temporal
conv-44__q59	cat2-temporal
conv-44__q60	cat1-multi-hop
conv-44__q61	cat4-single-hop
conv-44__q62	cat4-single-hop
conv-44__q63	cat4-single-hop
conv-44__q64	cat4-single-hop
conv-44__q65	cat4-single-hop
conv-44__q66	cat4-single-hop
conv-44__q67	cat4-single-hop
conv-44__q68	cat4-single-hop
conv-44__q69	cat4-single-hop
conv-44__q70	cat4-single-hop
conv-44__q71	cat4-single-hop
conv-44__q72	cat4-single-hop
conv-44__q73	cat4-single-hop
conv-44__q74	cat4-single-hop
conv-44__q75	cat4-single-hop
conv-44__q76	cat4-single-hop
conv-44__q77	cat4-single-hop
conv-44__q78	cat4-single-hop
conv-44__q79	cat4-single-hop
conv-44__q80	cat4-single-hop
conv-44__q81	cat4-single-hop
conv-44__q82	cat4-single-hop
conv-44__q83	cat4-single-hop
conv-44__q84	cat4-single-hop
conv-44__q85	cat4-single-hop
conv-44__q86	cat4-single-hop
conv-44__q87	cat4-single-hop
conv-44__q88	cat4-single-hop
conv-44__q89	cat4-single-hop
conv-44__q90	cat4-single-hop
conv-44__q91	cat4-single-hop
conv-44__q92	cat4-single-hop
conv-44__q93	cat4-single-hop
conv-44__q94	cat4-single-hop
conv-44__q95	cat4-single-hop
conv-44__q96	cat4-single-hop
conv-44__q97	cat4-single-hop
conv-44__q98	cat4-single-hop
conv-44__q99	cat4-single-hop
conv-44__q100	cat4-single-hop
conv-44__q101	cat4-single-hop
conv-44__q102	cat4-single-hop
conv-44__q103	cat4-single-hop
conv-44__q104	cat4-single-hop
conv-44__q105	cat4-single-hop
conv-44__q106	cat4-single-hop
conv-44__q107	cat4-single-hop
conv-44__q108	cat4-single-hop
conv-44__q109	cat4-single-hop
conv-44__q110	cat4-single-hop
conv-44__q111	cat4-single-hop
conv-44__q112	cat4-single-hop
conv-44__q113	cat4-single-hop
conv-44__q114	cat4-single-hop
conv-44__q115	cat4-single-hop
conv-44__q116	cat4-single-hop
conv-44__q117	cat4-single-hop
conv-44__q118	cat4-single-hop
conv-44__q119	cat4-single-hop
conv-44__q120	cat4-single-hop
conv-44__q121	cat4-single-hop
conv-44__q122	cat4-single-hop
conv-44__q123	cat5-adversarial
conv-44__q124	cat5-adversarial
conv-44__q125	cat5-adversarial
conv-44__q126	cat5-adversarial
conv-44__q127	cat5-adversarial
conv-44__q128	cat5-adversarial
conv-44__q129	cat5-adversarial
conv-44__q130	cat5-adversarial
conv-44__q131	cat5-adversarial
conv-44__q132	cat5-adversarial
conv-44__q133	cat5-adversarial
conv-44__q134	cat5-adversarial
conv-44__q135	cat5-adversarial
conv-44__q136	cat5-adversarial
conv-44__q137	cat5-adversarial
conv-44__q138	cat5-adversarial
conv-44__q139	cat5-adversarial
conv-44__q140	cat5-adversarial
conv-44__q141	cat5-adversarial
conv-44__q142	cat5-adversarial
conv-44__q143	cat5-adversarial
conv-44__q144	cat5-adversarial
conv-44__q145	cat5-adversarial
conv-44__q146	cat5-adversarial
conv-44__q147	cat5-adversarial
conv-44__q148	cat5-adversarial
conv-44__q149	cat5-adversarial
conv-44__q150	cat5-adversarial
conv-44__q151	cat5-adversarial
conv-44__q152	cat5-adversarial
conv-44__q153	cat5-adversarial
conv-44__q154	cat5-adversarial
conv-44__q155	cat5-adversarial
conv-44__q156	cat5-adversarial
conv-44__q157	cat5-adversarial
conv-47__q0	cat3-open-domain
conv-47__q1	cat2-temporal
conv-47__q2	cat1-multi-hop
conv-47__q3	cat1-multi-hop
conv-47__q4	cat2-temporal
conv-47__q5	cat1-multi-hop
conv-47__q6	cat3-open-domain
conv-47__q7	cat3-open-domain
conv-47__q8	cat1-multi-hop
conv-47__q9	cat1-multi-hop
conv-47__q10	cat2-temporal
conv-47__q11	cat2-temporal
conv-47__q12	cat3-open-domain
conv-47__q13	cat2-temporal
conv-47__q14	cat2-temporal
conv-47__q15	cat2-temporal
conv-47__q16	cat3-open-domain
conv-47__q17	cat3-open-domain
conv-47__q18	cat1-multi-hop
conv-47__q19	cat3-open-domain
conv-47__q20	cat1-multi-hop
conv-47__q21	cat2-temporal
conv-47__q22	cat1-multi-hop
conv-47__q23	cat2-temporal
conv-47__q24	cat1-multi-hop
conv-47__q25	cat3-open-domain
conv-47__q26	cat1-multi-hop
conv-47__q27	cat1-multi-hop
conv-47__q28	cat2-temporal
conv-47__q29	cat2-temporal
conv-47__q30	cat3-open-domain
conv-47__q31	cat2-temporal
conv-47__q32	cat2-temporal
conv-47__q33	cat3-open-domain
conv-47__q34	cat1-multi-hop
conv-47__q35	cat3-open-domain
conv-47__q36	cat3-open-domain
conv-47__q37	cat2-temporal
conv-47__q38	cat1-multi-hop
conv-47__q39	cat2-temporal
conv-47__q40	cat1-multi-hop
conv-47__q41	cat2-temporal
conv-47__q42	cat2-temporal
conv-47__q43	cat2-temporal
conv-47__q44	cat3-open-domain
conv-47__q45	cat1-multi-hop
conv-47__q46	cat2-temporal
conv-47__q47	cat2-temporal
conv-47__q48	cat2-temporal
conv-47__q49	cat1-multi-hop
conv-47__q50	cat2-temporal
conv-47__q51	cat1-multi-hop
conv-47__q52	cat2-temporal
conv-47__q53	cat2-temporal
conv-47__q54	cat1-multi-hop
conv-47__q55	cat2-temporal
conv-47__q56	cat1-multi-hop
conv-47__q57	cat2-temporal
conv-47__q58	cat2-temporal
conv-47__q59	cat2-temporal
conv-47__q60	cat1-multi-hop
conv-47__q61	cat2-temporal
conv-47__q62	cat2-temporal
conv-47__q63	cat2-temporal
conv-47__q64	cat2-temporal
conv-47__q65	cat2-temporal
conv-47__q66	cat2-temporal
conv-47__q67	cat4-single-hop
conv-47__q68	cat4-single-hop
conv-47__q69	cat4-single-hop
conv-47__q70	cat4-single-hop
conv-47__q71	cat4-single-hop
conv-47__q72	cat4-single-hop
conv-47__q73	cat4-single-hop
conv-47__q74	cat4-single-hop
conv-47__q75	cat4-single-hop
conv-47__q76	cat4-single-hop
conv-47__q77	cat4-single-hop
conv-47__q78	cat4-single-hop
conv-47__q79	cat4-single-hop
conv-47__q80	cat4-single-hop
conv-47__q81	cat4-single-hop
conv-47__q82	cat4-single-hop
conv-47__q83	cat4-single-hop
conv-47__q84	cat4-single-hop
conv-47__q85	cat4-single-hop
conv-47__q86	cat4-single-hop
conv-47__q87	cat4-single-hop
conv-47__q88	cat4-single-hop
conv-47__q89	cat4-single-hop
conv-47__q90	cat4-single-hop
conv-47__q91	cat4-single-hop
conv-47__q92	cat4-single-hop
conv-47__q93	cat4-single-hop
conv-47__q94	cat4-single-hop
conv-47__q95	cat4-single-hop
conv-47__q96	cat4-single-hop
conv-47__q97	cat4-single-hop
conv-47__q98	cat4-single-hop
conv-47__q99	cat4-single-hop
conv-47__q100	cat4-single-hop
conv-47__q101	cat4-single-hop
conv-47__q102	cat4-single-hop
conv-47__q103	cat4-single-hop
conv-47__q104	cat4-single-hop
conv-47__q105	cat4-single-hop
conv-47__q106	cat4-single-hop
conv-47__q107	cat4-single-hop
conv-47__q108	cat4-single-hop
conv-47__q109	cat4-single-hop
conv-47__q110	cat4-single-hop
conv-47__q111	cat4-single-hop
conv-47__q112	cat4-single-hop
conv-47__q113	cat4-single-hop
conv-47__q114	cat4-single-hop
conv-47__q115	cat4-single-hop
conv-47__q116	cat4-single-hop
conv-47__q117	cat4-single-hop
conv-47__q118	cat4-single-hop
conv-47__q119	cat4-single-hop
conv-47__q120	cat4-single-hop
conv-47__q121	cat4-single-hop
conv-47__q122	cat4-single-hop
conv-47__q123	cat4-single-hop
conv-47__q124	cat4-single-hop
conv-47__q125	cat4-single-hop
conv-47__q126	cat4-single-hop
conv-47__q127	cat4-single-hop
conv-47__q128	cat4-single-hop
conv-47__q129	cat4-single-hop
conv-47__q130	cat4-single-hop
conv-47__q131	cat4-single-hop
conv-47__q132	cat4-single-hop
conv-47__q133	cat4-single-hop
conv-47__q134	cat4-single-hop
conv-47__q135	cat4-single-hop
conv-47__q136	cat4-single-hop
conv-47__q137	cat4-single-hop
conv-47__q138	cat4-single-hop
conv-47__q139	cat4-single-hop
conv-47__q140	cat4-single-hop
conv-47__q141	cat4-single-hop
conv-47__q142	cat4-single-hop
conv-47__q143	cat4-single-hop
conv-47__q144	cat4-single-hop
conv-47__q145	cat4-single-hop
conv-47__q146	cat4-single-hop
conv-47__q147	cat4-single-hop
conv-47__q148	cat4-single-hop
conv-47__q149	cat4-single-hop
conv-47__q150	cat5-adversarial
conv-47__q151	cat5-adversarial
conv-47__q152	cat5-adversarial
conv-47__q153	cat5-adversarial
conv-47__q154	cat5-adversarial
conv-47__q155	cat5-adversarial
conv-47__q156	cat5-adversarial
conv-47__q157	cat5-adversarial
conv-47__q158	cat5-adversarial
conv-47__q159	cat5-adversarial
conv-47__q160	cat5-adversarial
conv-47__q161	cat5-adversarial
conv-47__q162	cat5-adversarial
conv-47__q163	cat5-adversarial
conv-47__q164	cat5-adversarial
conv-47__q165	cat5-adversarial
conv-47__q166	cat5-adversarial
conv-47__q167	cat5-adversarial
conv-47__q168	cat5-adversarial
conv-47__q169	cat5-adversarial
conv-47__q170	cat5-adversarial
conv-47__q171	cat5-adversarial
conv-47__q172	cat5-adversarial
conv-47__q173	cat5-adversarial
conv-47__q174	cat5-adversarial
conv-47__q175	cat5-adversarial
conv-47__q176	cat5-adversarial
conv-47__q177	cat5-adversarial
conv-47__q178	cat5-adversarial
conv-47__q179	cat5-adversarial
conv-47__q180	cat5-adversarial
conv-47__q181	cat5-adversarial
conv-47__q182	cat5-adversarial
conv-47__q183	cat5-adversarial
conv-47__q184	cat5-adversarial
conv-47__q185	cat5-adversarial
conv-47__q186	cat5-adversarial
conv-47__q187	cat5-adversarial
conv-47__q188	cat5-adversarial
conv-47__q189	cat5-adversarial
conv-48__q0	cat2-temporal
conv-48__q1	cat1-multi-hop
conv-48__q2	cat2-temporal
conv-48__q3	cat2-temporal
conv-48__q4	cat2-temporal
conv-48__q5	cat3-open-domain
conv-48__q6	cat1-multi-hop
conv-48__q7	cat2-temporal
conv-48__q8	cat1-multi-hop
conv-48__q9	cat2-temporal
conv-48__q10	cat2-temporal
conv-48__q11	cat3-open-domain
conv-48__q12	cat2-temporal
conv-48__q13	cat1-multi-hop
conv-48__q14	cat1-multi-hop
conv-48__q15	cat4-single-hop
conv-48__q16	cat4-single-hop
conv-48__q17	cat2-temporal
conv-48__q18	cat3-open-domain
conv-48__q19	cat1-multi-hop
conv-48__q20	cat1-multi-hop
conv-48__q21	cat2-temporal
conv-48__q22	cat2-temporal
conv-48__q23	cat3-open-domain
conv-48__q24	cat1-multi-hop
conv-48__q25	cat4-single-hop
conv-48__q26	cat2-temporal
conv-48__q27	cat2-temporal
conv-48__q28	cat3-open-domain
conv-48__q29	cat2-temporal
conv-48__q30	cat2-temporal
conv-48__q31	cat2-temporal
conv-48__q32	cat2-temporal
conv-48__q33	cat4-single-hop
conv-48__q34	cat2-temporal
conv-48__q35	cat2-temporal
conv-48__q36	cat3-open-domain
conv-48__q37	cat2-temporal
conv-48__q38	cat2-temporal
conv-48__q39	cat1-multi-hop
conv-48__q40	cat3-open-domain
conv-48__q41	cat1-multi-hop
conv-48__q42	cat4-single-hop
conv-48__q43	cat2-temporal
conv-48__q44	cat2-temporal
conv-48__q45	cat2-temporal
conv-48__q46	cat2-temporal
conv-48__q47	cat2-temporal
conv-48__q48	cat3-open-domain
conv-48__q49	cat4-single-hop
conv-48__q50	cat2-temporal
conv-48__q51	cat2-temporal
conv-48__q52	cat2-temporal
conv-48__q53	cat2-temporal
conv-48__q54	cat2-temporal
conv-48__q55	cat2-temporal
conv-48__q56	cat2-temporal
conv-48__q57	cat2-temporal
conv-48__q58	cat4-single-hop
conv-48__q59	cat4-single-hop
conv-48__q60	cat2-temporal
conv-48__q61	cat4-single-hop
conv-48__q62	cat4-single-hop
conv-48__q63	cat4-single-hop
conv-48__q64	cat4-single-hop
conv-48__q65	cat2-temporal
conv-48__q66	cat2-temporal
conv-48__q67	cat4-single-hop
conv-48__q68	cat2-temporal
conv-48__q69	cat4-single-hop
conv-48__q70	cat3-open-domain
conv-48__q71	cat2-temporal
conv-48__q72	cat4-single-hop
conv-48__q73	cat1-multi-hop
conv-48__q74	cat4-single-hop
conv-48__q75	cat3-open-domain
conv-48__q76	cat2-temporal
conv-48__q77	cat1-multi-hop
conv-48__q78	cat2-temporal
conv-48__q79	cat1-multi-hop
conv-48__q80	cat1-multi-hop
conv-48__q81	cat2-temporal
conv-48__q82	cat1-multi-hop
conv-48__q83	cat1-multi-hop
conv-48__q84	cat1-multi-hop
conv-48__q85	cat1-multi-hop
conv-48__q86	cat1-multi-hop
conv-48__q87	cat1-multi-hop
conv-48__q88	cat1-multi-hop
conv-48__q89	cat4-single-hop
conv-48__q90	cat4-single-hop
conv-48__q91	cat4-single-hop
conv-48__q92	cat4-single-hop
conv-48__q93	cat4-single-hop
conv-48__q94	cat4-single-hop
conv-48__q95	cat4-single-hop
conv-48__q96	cat4-single-hop
conv-48__q97	cat4-single-hop
conv-48__q98	cat4-single-hop
conv-48__q99	cat4-single-hop
conv-48__q100	cat4-single-hop
conv-48__q101	cat4-single-hop
conv-48__q102	cat4-single-hop
conv-48__q103	cat4-single-hop
conv-48__q104	cat4-single-hop
conv-48__q105	cat4-single-hop
conv-48__q106	cat4-single-hop
conv-48__q107	cat4-single-hop
conv-48__q108	cat4-single-hop
conv-48__q109	cat4-single-hop
conv-48__q110	cat4-single-hop
conv-48__q111	cat4-single-hop
conv-48__q112	cat4-single-hop
conv-48__q113	cat4-single-hop
conv-48__q114	cat4-single-hop
conv-48__q115	cat4-single-hop
conv-48__q116	cat4-single-hop
conv-48__q117	cat4-single-hop
conv-48__q118	cat4-single-hop
conv-48__q119	cat4-single-hop
conv-48__q120	cat4-single-hop
conv-48__q121	cat4-single-hop
conv-48__q122	cat4-single-hop
conv-48__q123	cat4-single-hop
conv-48__q124	cat4-single-hop
conv-48__q125	cat4-single-hop
conv-48__q126	cat4-single-hop
conv-48__q127	cat4-single-hop
conv-48__q128	cat4-single-hop
conv-48__q129	cat4-single-hop
conv-48__q130	cat4-single-hop
conv-48__q131	cat4-single-hop
conv-48__q132	cat4-single-hop
conv-48__q133	cat4-single-hop
conv-48__q134	cat4-single-hop
conv-48__q135	cat4-single-hop
conv-48__q136	cat4-single-hop
conv-48__q137	cat4-single-hop
conv-48__q138	cat4-single-hop
conv-48__q139	cat4-single-hop
conv-48__q140	cat4-single-hop
conv-48__q141	cat4-single-hop
conv-48__q142	cat4-single-hop
conv-48__q143	cat4-single-hop
conv-48__q144	cat4-single-hop
conv-48__q145	cat4-single-hop
conv-48__q146	cat4-single-hop
conv-48__q147	cat4-single-hop
conv-48__q148	cat4-single-hop
conv-48__q149	cat4-single-hop
conv-48__q150	cat4-single-hop
conv-48__q151	cat4-single-hop
conv-48__q152	cat4-single-hop
conv-48__q153	cat4-single-hop
conv-48__q154	cat4-single-hop
conv-48__q155	cat4-single-hop
conv-48__q156	cat4-single-hop
conv-48__q157	cat4-single-hop
conv-48__q158	cat4-single-hop
conv-48__q159	cat4-single-hop
conv-48__q160	cat4-single-hop
conv-48__q161	cat4-single-hop
conv-48__q162	cat4-single-hop
conv-48__q163	cat4-single-hop
conv-48__q164	cat4-single-hop
conv-48__q165	cat4-single-hop
conv-48__q166	cat4-single-hop
conv-48__q167	cat4-single-hop
conv-48__q168	cat4-single-hop
conv-48__q169	cat4-single-hop
conv-48__q170	cat4-single-hop
conv-48__q171	cat4-single-hop
conv-48__q172	cat4-single-hop
conv-48__q173	cat4-single-hop
conv-48__q174	cat4-single-hop
conv-48__q175	cat4-single-hop
conv-48__q176	cat4-single-hop
conv-48__q177	cat4-single-hop
conv-48__q178	cat4-single-hop
conv-48__q179	cat4-single-hop
conv-48__q180	cat4-single-hop
conv-48__q181	cat4-single-hop
conv-48__q182	cat4-single-hop
conv-48__q183	cat4-single-hop
conv-48__q184	cat4-single-hop
conv-48__q185	cat4-single-hop
conv-48__q186	cat4-single-hop
conv-48__q187	cat4-single-hop
conv-48__q188	cat4-single-hop
conv-48__q189	cat4-single-hop
conv-48__q190	cat4-single-hop
conv-48__q191	cat5-adversarial
conv-48__q192	cat5-adversarial
conv-48__q193	cat5-adversarial
conv-48__q194	cat5-adversarial
conv-48__q195	cat5-adversarial
conv-48__q196	cat5-adversarial
conv-48__q197	cat5-adversarial
conv-48__q198	cat5-adversarial
conv-48__q199	cat5-adversarial
conv-48__q200	cat5-adversarial
conv-48__q201	cat5-adversarial
conv-48__q202	cat5-adversarial
conv-48__q203	cat5-adversarial
conv-48__q204	cat5-adversarial
conv-48__q205	cat5-adversarial
conv-48__q206	cat5-adversarial
conv-48__q207	cat5-adversarial
conv-48__q208	cat5-adversarial
conv-48__q209	cat5-adversarial
conv-48__q210	cat5-adversarial
conv-48__q211	cat5-adversarial
conv-48__q212	cat5-adversarial
conv-48__q213	cat5-adversarial
conv-48__q214	cat5-adversarial
conv-48__q215	cat5-adversarial
conv-48__q216	cat5-adversarial
conv-48__q217	cat5-adversarial
conv-48__q218	cat5-adversarial
conv-48__q219	cat5-adversarial
conv-48__q220	cat5-adversarial
conv-48__q221	cat5-adversarial
conv-48__q222	cat5-adversarial
conv-48__q223	cat5-adversarial
conv-48__q224	cat5-adversarial
conv-48__q225	cat5-adversarial
conv-48__q226	cat5-adversarial
conv-48__q227	cat5-adversarial
conv-48__q228	cat5-adversarial
conv-48__q229	cat5-adversarial
conv-48__q230	cat5-adversarial
conv-48__q231	cat5-adversarial
conv-48__q232	cat5-adversarial
conv-48__q233	cat5-adversarial
conv-48__q234	cat5-adversarial
conv-48__q235	cat5-adversarial
conv-48__q236	cat5-adversarial
conv-48__q237	cat5-adversarial
conv-48__q238	cat5-adversarial
conv-49__q0	cat1-multi-hop
conv-49__q1	cat1-multi-hop
conv-49__q2	cat1-multi-hop
conv-49__q3	cat1-multi-hop
conv-49__q4	cat2-temporal
conv-49__q5	cat3-open-domain
conv-49__q6	cat1-multi-hop
conv-49__q7	cat1-multi-hop
conv-49__q8	cat1-multi-hop
conv-49__q9	cat2-temporal
conv-49__q10	cat3-open-domain
conv-49__q11	cat1-multi-hop
conv-49__q12	cat2-temporal
conv-49__q13	cat2-temporal
conv-49__q14	cat1-multi-hop
conv-49__q15	cat1-multi-hop
conv-49__q16	cat1-multi-hop
conv-49__q17	cat2-temporal
conv-49__q18	cat1-multi-hop
conv-49__q19	cat3-open-domain
conv-49__q20	cat3-open-domain
conv-49__q21	cat1-multi-hop
conv-49__q22	cat2-temporal
conv-49__q23	cat2-temporal
conv-49__q24	cat2-temporal
conv-49__q25	cat2-temporal
conv-49__q26	cat1-multi-hop
conv-49__q27	cat3-open-domain
conv-49__q28	cat1-multi-hop
conv-49__q29	cat1-multi-hop
conv-49__q30	cat2-temporal
conv-49__q31	cat3-open-domain
conv-49__q32	cat1-multi-hop
conv-49__q33	cat1-multi-hop
conv-49__q34	cat1-multi-hop
conv-49__q35	cat2-temporal
conv-49__q36	cat1-multi-hop
conv-49__q37	cat1-multi-hop
conv-49__q38	cat3-open-domain
conv-49__q39	cat2-temporal
conv-49__q40	cat2-temporal
conv-49__q41	cat2-temporal
conv-49__q42	cat1-multi-hop
conv-49__q43	cat3-open-domain
conv-49__q44	cat1-multi-hop
conv-49__q45	cat2-temporal
conv-49__q46	cat3-open-domain
conv-49__q47	cat2-temporal
conv-49__q48	cat1-multi-hop
conv-49__q49	cat1-multi-hop
conv-49__q50	cat1-multi-hop
conv-49__q51	cat3-open-domain
conv-49__q52	cat2-temporal
conv-49__q53	cat2-temporal
conv-49__q54	cat1-multi-hop
conv-49__q55	cat1-multi-hop
conv-49__q56	cat1-multi-hop
conv-49__q57	cat3-open-domain
conv-49__q58	cat2-temporal
conv-49__q59	cat2-temporal
conv-49__q60	cat2-temporal
conv-49__q61	cat2-temporal
conv-49__q62	cat1-multi-hop
conv-49__q63	cat2-temporal
conv-49__q64	cat1-multi-hop
conv-49__q65	cat3-open-domain
conv-49__q66	cat2-temporal
conv-49__q67	cat2-temporal
conv-49__q68	cat2-temporal
conv-49__q69	cat1-multi-hop
conv-49__q70	cat2-temporal
conv-49__q71	cat3-open-domain
conv-49__q72	cat1-multi-hop
conv-49__q73	cat2-temporal
conv-49__q74	cat2-temporal
conv-49__q75	cat2-temporal
conv-49__q76	cat2-temporal
conv-49__q77	cat1-multi-hop
conv-49__q78	cat1-multi-hop
conv-49__q79	cat2-temporal
conv-49__q80	cat2-temporal
conv-49__q81	cat1-multi-hop
conv-49__q82	cat1-multi-hop
conv-49__q83	cat4-single-hop
conv-49__q84	cat4-single-hop
conv-49__q85	cat4-single-hop
conv-49__q86	cat4-single-hop
conv-49__q87	cat4-single-hop
conv-49__q88	cat4-single-hop
conv-49__q89	cat4-single-hop
conv-49__q90	cat4-single-hop
conv-49__q91	cat4-single-hop
conv-49__q92	cat4-single-hop
conv-49__q93	cat4-single-hop
conv-49__q94	cat4-single-hop
conv-49__q95	cat4-single-hop
conv-49__q96	cat4-single-hop
conv-49__q97	cat4-single-hop
conv-49__q98	cat4-single-hop
conv-49__q99	cat4-single-hop
conv-49__q100	cat4-single-hop
conv-49__q101	cat4-single-hop
conv-49__q102	cat4-single-hop
conv-49__q103	cat4-single-hop
conv-49__q104	cat4-single-hop
conv-49__q105	cat4-single-hop
conv-49__q106	cat4-single-hop
conv-49__q107	cat4-single-hop
conv-49__q108	cat4-single-hop
conv-49__q109	cat4-single-hop
conv-49__q110	cat4-single-hop
conv-49__q111	cat4-single-hop
conv-49__q112	cat4-single-hop
conv-49__q113	cat4-single-hop
conv-49__q114	cat4-single-hop
conv-49__q115	cat4-single-hop
conv-49__q116	cat4-single-hop
conv-49__q117	cat4-single-hop
conv-49__q118	cat4-single-hop
conv-49__q119	cat4-single-hop
conv-49__q120	cat4-single-hop
conv-49__q121	cat4-single-hop
conv-49__q122	cat4-single-hop
conv-49__q123	cat4-single-hop
conv-49__q124	cat4-single-hop
conv-49__q125	cat4-single-hop
conv-49__q126	cat4-single-hop
conv-49__q127	cat4-single-hop
conv-49__q128	cat4-single-hop
conv-49__q129	cat4-single-hop
conv-49__q130	cat4-single-hop
conv-49__q131	cat4-single-hop
conv-49__q132	cat4-single-hop
conv-49__q133	cat4-single-hop
conv-49__q134	cat4-single-hop
conv-49__q135	cat4-single-hop
conv-49__q136	cat4-single-hop
conv-49__q137	cat4-single-hop
conv-49__q138	cat4-single-hop
conv-49__q139	cat4-single-hop
conv-49__q140	cat4-single-hop
conv-49__q141	cat4-single-hop
conv-49__q142	cat4-single-hop
conv-49__q143	cat4-single-hop
conv-49__q144	cat4-single-hop
conv-49__q145	cat4-single-hop
conv-49__q146	cat4-single-hop
conv-49__q147	cat4-single-hop
conv-49__q148	cat4-single-hop
conv-49__q149	cat4-single-hop
conv-49__q150	cat4-single-hop
conv-49__q151	cat4-single-hop
conv-49__q152	cat4-single-hop
conv-49__q153	cat4-single-hop
conv-49__q154	cat4-single-hop
conv-49__q155	cat4-single-hop
conv-49__q156	cat5-adversarial
conv-49__q157	cat5-adversarial
conv-49__q158	cat5-adversarial
conv-49__q159	cat5-adversarial
conv-49__q160	cat5-adversarial
conv-49__q161	cat5-adversarial
conv-49__q162	cat5-adversarial
conv-49__q163	cat5-adversarial
conv-49__q164	cat5-adversarial
conv-49__q165	cat5-adversarial
conv-49__q166	cat5-adversarial
conv-49__q167	cat5-adversarial
conv-49__q168	cat5-adversarial
conv-49__q169	cat5-adversarial
conv-49__q170	cat5-adversarial
conv-49__q171	cat5-adversarial
conv-49__q172	cat5-adversarial
conv-49__q173	cat5-adversarial
conv-49__q174	cat5-adversarial
conv-49__q175	cat5-adversarial
conv-49__q176	cat5-adversarial
conv-49__q177	cat5-adversarial
conv-49__q178	cat5-adversarial
conv-49__q179	cat5-adversarial
conv-49__q180	cat5-adversarial
conv-49__q181	cat5-adversarial
conv-49__q182	cat5-adversarial
conv-49__q183	cat5-adversarial
conv-49__q184	cat5-adversarial
conv-49__q185	cat5-adversarial
conv-49__q186	cat5-adversarial
conv-49__q187	cat5-adversarial
conv-49__q188	cat5-adversarial
conv-49__q189	cat5-adversarial
conv-49__q190	cat5-adversarial
conv-49__q191	cat5-adversarial
conv-49__q192	cat5-adversarial
conv-49__q193	cat5-adversarial
conv-49__q194	cat5-adversarial
conv-49__q195	cat5-adversarial
conv-50__q0	cat2-temporal
conv-50__q1	cat1-multi-hop
conv-50__q2	cat2-temporal
conv-50__q3	cat1-multi-hop
conv-50__q4	cat3-open-domain
conv-50__q5	cat1-multi-hop
conv-50__q6	cat1-multi-hop
conv-50__q7	cat3-open-domain
conv-50__q8	cat2-temporal
conv-50__q9	cat2-temporal
conv-50__q10	cat2-temporal
conv-50__q11	cat1-multi-hop
conv-50__q12	cat2-temporal
conv-50__q13	cat3-open-domain
conv-50__q14	cat2-temporal
conv-50__q15	cat1-multi-hop
conv-50__q16	cat2-temporal
conv-50__q17	cat2-temporal
conv-50__q18	cat1-multi-hop
conv-50__q19	cat1-multi-hop
conv-50__q20	cat1-multi-hop
conv-50__q21	cat3-open-domain
conv-50__q22	cat1-multi-hop
conv-50__q23	cat1-multi-hop
conv-50__q24	cat1-multi-hop
conv-50__q25	cat2-temporal
conv-50__q26	cat2-temporal
conv-50__q27	cat2-temporal
conv-50__q28	cat1-multi-hop
conv-50__q29	cat1-multi-hop
conv-50__q30	cat1-multi-hop
conv-50__q31	cat2-temporal
conv-50__q32	cat1-multi-hop
conv-50__q33	cat1-multi-hop
conv-50__q34	cat2-temporal
conv-50__q35	cat2-temporal
conv-50__q36	cat2-temporal
conv-50__q37	cat3-open-domain
conv-50__q38	cat2-temporal
conv-50__q39	cat3-open-domain
conv-50__q40	cat1-multi-hop
conv-50__q41	cat1-multi-hop
conv-50__q42	cat3-open-domain
conv-50__q43	cat2-temporal
conv-50__q44	cat2-temporal
conv-50__q45	cat1-multi-hop
conv-50__q46	cat1-multi-hop
conv-50__q47	cat1-multi-hop
conv-50__q48	cat2-temporal
conv-50__q49	cat1-multi-hop
conv-50__q50	cat2-temporal
conv-50__q51	cat2-temporal
conv-50__q52	cat2-temporal
conv-50__q53	cat1-multi-hop
conv-50__q54	cat1-multi-hop
conv-50__q55	cat2-temporal
conv-50__q56	cat1-multi-hop
conv-50__q57	cat2-temporal
conv-50__q58	cat1-multi-hop
conv-50__q59	cat1-multi-hop
conv-50__q60	cat1-multi-hop
conv-50__q61	cat2-temporal
conv-50__q62	cat2-temporal
conv-50__q63	cat1-multi-hop
conv-50__q64	cat1-multi-hop
conv-50__q65	cat2-temporal
conv-50__q66	cat1-multi-hop
conv-50__q67	cat2-temporal
conv-50__q68	cat2-temporal
conv-50__q69	cat2-temporal
conv-50__q70	cat2-temporal
conv-50__q71	cat4-single-hop
conv-50__q72	cat4-single-hop
conv-50__q73	cat4-single-hop
conv-50__q74	cat4-single-hop
conv-50__q75	cat4-single-hop
conv-50__q76	cat4-single-hop
conv-50__q77	cat4-single-hop
conv-50__q78	cat4-single-hop
conv-50__q79	cat4-single-hop
conv-50__q80	cat4-single-hop
conv-50__q81	cat4-single-hop
conv-50__q82	cat4-single-hop
conv-50__q83	cat4-single-hop
conv-50__q84	cat4-single-hop
conv-50__q85	cat4-single-hop
conv-50__q86	cat4-single-hop
conv-50__q87	cat4-single-hop
conv-50__q88	cat4-single-hop
conv-50__q89	cat4-single-hop
conv-50__q90	cat4-single-hop
conv-50__q91	cat4-single-hop
conv-50__q92	cat4-single-hop
conv-50__q93	cat4-single-hop
conv-50__q94	cat4-single-hop
conv-50__q95	cat4-single-hop
conv-50__q96	cat4-single-hop
conv-50__q97	cat4-single-hop
conv-50__q98	cat4-single-hop
conv-50__q99	cat4-single-hop
conv-50__q100	cat4-single-hop
conv-50__q101	cat4-single-hop
conv-50__q102	cat4-single-hop
conv-50__q103	cat4-single-hop
conv-50__q104	cat4-single-hop
conv-50__q105	cat4-single-hop
conv-50__q106	cat4-single-hop
conv-50__q107	cat4-single-hop
conv-50__q108	cat4-single-hop
conv-50__q109	cat4-single-hop
conv-50__q110	cat4-single-hop
conv-50__q111	cat4-single-hop
conv-50__q112	cat4-single-hop
conv-50__q113	cat4-single-hop
conv-50__q114	cat4-single-hop
conv-50__q115	cat4-single-hop
conv-50__q116	cat4-single-hop
conv-50__q117	cat4-single-hop
conv-50__q118	cat4-single-hop
conv-50__q119	cat4-single-hop
conv-50__q120	cat4-single-hop
conv-50__q121	cat4-single-hop
conv-50__q122	cat4-single-hop
conv-50__q123	cat4-single-hop
conv-50__q124	cat4-single-hop
conv-50__q125	cat4-single-hop
conv-50__q126	cat4-single-hop
conv-50__q127	cat4-single-hop
conv-50__q128	cat4-single-hop
conv-50__q129	cat4-single-hop
conv-50__q130	cat4-single-hop
conv-50__q131	cat4-single-hop
conv-50__q132	cat4-single-hop
conv-50__q133	cat4-single-hop
conv-50__q134	cat4-single-hop
conv-50__q135	cat4-single-hop
conv-50__q136	cat4-single-hop
conv-50__q137	cat4-single-hop
conv-50__q138	cat4-single-hop
conv-50__q139	cat4-single-hop
conv-50__q140	cat4-single-hop
conv-50__q141	cat4-single-hop
conv-50__q142	cat4-single-hop
conv-50__q143	cat4-single-hop
conv-50__q144	cat4-single-hop
conv-50__q145	cat4-single-hop
conv-50__q146	cat4-single-hop
conv-50__q147	cat4-single-hop
conv-50__q148	cat4-single-hop
conv-50__q149	cat4-single-hop
conv-50__q150	cat4-single-hop
conv-50__q151	cat4-single-hop
conv-50__q152	cat4-single-hop
conv-50__q153	cat4-single-hop
conv-50__q154	cat4-single-hop
conv-50__q155	cat4-single-hop
conv-50__q156	cat4-single-hop
conv-50__q157	cat4-single-hop
conv-50__q158	cat5-adversarial
conv-50__q159	cat5-adversarial
conv-50__q160	cat5-adversarial
conv-50__q161	cat5-adversarial
conv-50__q162	cat5-adversarial
conv-50__q163	cat5-adversarial
conv-50__q164	cat5-adversarial
conv-50__q165	cat5-adversarial
conv-50__q166	cat5-adversarial
conv-50__q167	cat5-adversarial
conv-50__q168	cat5-adversarial
conv-50__q169	cat5-adversarial
conv-50__q170	cat5-adversarial
conv-50__q171	cat5-adversarial
conv-50__q172	cat5-adversarial
conv-50__q173	cat5-adversarial
conv-50__q174	cat5-adversarial
conv-50__q175	cat5-adversarial
conv-50__q176	cat5-adversarial
conv-50__q177	cat5-adversarial
conv-50__q178	cat5-adversarial
conv-50__q179	cat5-adversarial
conv-50__q180	cat5-adversarial
conv-50__q181	cat5-adversarial
conv-50__q182	cat5-adversarial
conv-50__q183	cat5-adversarial
conv-50__q184	cat5-adversarial
conv-50__q185	cat5-adversarial
conv-50__q186	cat5-adversarial
conv-50__q187	cat5-adversarial
conv-50__q188	cat5-adversarial
conv-50__q189	cat5-adversarial
conv-50__q190	cat5-adversarial
conv-50__q191	cat5-adversarial
conv-50__q192	cat5-adversarial
conv-50__q193	cat5-adversarial
conv-50__q194	cat5-adversarial
conv-50__q195	cat5-adversarial
conv-50__q196	cat5-adversarial
conv-50__q197	cat5-adversarial
conv-50__q198	cat5-adversarial
conv-50__q199	cat5-adversarial
conv-50__q200	cat5-adversarial
conv-50__q201	cat5-adversarial
conv-50__q202	cat5-adversarial
conv-50__q203	cat5-adversarial
